x,y
0.8626108480021036,0.7011144215413835
-1.0483254682344256,-0.6542520613175807
0.7584485988930111,0.5681997509448639
-0.6584042381082186,-0.4507300191020736
-1.1684857592731426,-0.7257769163697769
-0.29240189290638263,-0.25796691537937133
1.248145907062217,1.2434072252159292
1.7349191009491411,2.1138178993847148
-0.06702312315466281,-1.7858530048419854
-0.1825925363798825,-0.182227321171036
-0.8126164284648434,-0.572010798828932
-1.4278646758491969,-0.8623977548864438
-0.7073935594589595,-0.4957651916946061
-0.04340738774838294,-1.7858530048419854
-1.5286062755302772,-0.9376778732242802
-0.8531836681923515,-0.5382767612586242
0.8898706129919816,0.7355734894716779
-0.23442884992868254,-0.2617323179782942
-0.39866703947580107,-0.31969445218764075
-1.7307631425989594,-1.076642968309311
-0.9703442723849315,-0.6343733365319856
-0.8208343641454348,-0.5155287991114983
1.1483474006935495,1.1213386815608777
-0.08492392965804821,-1.7858530048419854
1.2569302631789352,1.2713536920242867
0.3663940659853841,0.16434898594123715
0.9100878917599889,0.7859843977699192
0.01879717705141391,-0.07910929903953595
-0.2811125773830575,-0.25390699095154656
0.18944670373926445,0.05095391872036454
1.265212684459319,1.2553277206949
-0.298000909608722,-0.21877781547489478
-1.4487787034013508,-0.9008315197300146
1.327910966666993,1.3630585207802954
1.7426847514197092,2.2296842649666977
-1.738979993233963,-1.071078457234907
0.6189864880941536,0.4570150792646775
-0.08402888933287908,-1.7858530048419854
0.17736169929040937,0.06363187910973123
1.6047208998881135,1.919832761318505
-1.395949718172533,-0.8617453068261791
1.0157062684342468,0.8480202297531181
-0.45229034276207636,-0.33972116787785456
-1.608689392055044,-0.9590357709325443
-1.270058899091754,-0.7662421375188935
0.4859543334743599,0.29092461041862017
-1.5533038354853066,-0.9783059411184969
0.33546435636046207,0.15671642321142043
0.5526267092401306,0.37864236391841133
1.0432741606750686,0.9331043762493683
-1.1631799000753438,-0.7193374468325703
-1.5146611682398858,-0.9330366599723136
-1.7363966683652257,-1.0359308999344277
-0.05830776174086194,-1.7858530048419854
1.546953192293088,1.7659574516130698
-0.260042740267376,-0.2373166759807975
1.2303621051512017,1.222454328759877
-0.05717767957780065,-1.7858530048419854
-0.034953535782345495,-1.7858530048419854
-1.4050900369353976,-0.8660351582601338
0.12934963353655599,0.009375203809077828
0.22962660218283784,0.09176217080023104
-1.5231954488104487,-0.9247084403759867
1.530360472521108,1.7533796131566088
1.1828953598576173,1.1263460190509578
-1.0003875278562924,-0.620886367770913
-1.4499933628859316,-0.8923607250727332
0.6275158580137888,0.4159384385118842
-0.323554913051695,-0.272404028776494
-1.599135117506499,-0.9746202562780287
-0.48423857937102527,-0.36553000478992015
-1.0575103420425853,-0.6287145555975144
0.4677299173670697,0.2625125607777808
0.07163761507119122,-0.01696954768849245
-0.6025973942995683,-0.43213002756662816
0.18131805600200196,0.038513517803417587
0.23457293160021864,0.07543553722553838
-1.6394890230658765,-1.0154902354335609
0.8403490229748402,0.670312263763489
-0.7487238711821202,-0.4982613465060688
-0.9171309185471052,-0.6033247330093442
-0.010635582668998209,-1.7858530048419854
-0.5662030285149692,-0.40619893666800433
1.6344542988630957,1.9521320391066264
-0.35073197440945886,-0.3074080768760087
0.7247940687669706,0.5348200421083652
-0.009740542343829074,-1.7858530048419854
1.5208010010920634,1.7554799201177742
-1.4966349590333925,-0.9368787475572627
-0.7181167617622011,-0.5007243205281784
-0.23900046954714033,-0.2556504282520504
0.3432077070798468,0.19642224970751535
1.414377401369704,1.4960957478399084
0.1898458507943586,0.038208219723873664
-0.16225124334280785,-0.207799024879226
-0.4776485917712726,-0.35105455503415595
1.3443820290449329,1.401323622578455
-1.1805991544517294,-0.7431886524934562
-1.2430734029529802,-0.7696490716835256
1.3526032376223611,1.412498511357146
-0.9571443654916497,-0.6112910042309737
-0.4477874909818836,-0.33572654471449703
0.6441341332032211,0.4237545447737452
1.3746433623981351,1.4955379949697025
-0.9114214573193405,-0.5510386253772477
-1.6964082415983002,-1.0602797639520314
-1.6910696982704438,-1.0202320648793681
1.4990402243836114,1.6636710788262292
0.9417752140370902,0.8161484357460509
0.3961790972794646,0.200324336679302
-1.2672758280640708,-0.776282224396762
0.8653059146340243,0.7283658863876937
-0.5321485975535921,-0.35590620300776277
0.8277380277360394,0.6493910161061582
0.10094874514010077,-0.026098921606566846
0.48996390737353984,0.3042854751185706
-0.2709947863688505,-0.2821315659272569
0.21955712269352312,0.0733673249585852
-0.47832543826484125,-0.3714623464619225
1.0295349837174872,0.91692730728292
-1.6080070465405898,-0.9874410332381955
0.5870853493577243,0.3984685114665875
-0.05896776022813925,-1.7858530048419854
0.924951327903042,0.7873456102309689
-1.661454502142812,-1.0234771170774677
-1.33074078998956,-0.8053243938097737
-1.2813722299686283,-0.7804682018261114
-1.452309657912186,-0.8924214828160828
1.5208315342546794,1.7307158734026167
0.22447328255932164,0.09935606007956412
-0.623454441379404,-0.44965706384875537
1.5541421649188183,1.8137515247166145
-1.3839936073466124,-0.8502532725183382
-1.7422064287666472,-1.0788568786822688
0.20245276105504537,0.0762216294778515
-0.9677276428290436,-0.6118618815814377
-0.3876491982439368,-0.3035593249912826
1.145680555165699,1.0804818950940136
-1.1561618168578327,-0.6936211878145979
-1.598343911245371,-1.0022182401802175
-1.4650184866244305,-0.8827884768399232
-0.038381832749245774,-1.7858530048419854
-1.3386523587668064,-0.815748201642643
-0.04912231665127708,-1.7858530048419854
-0.44262781130396256,-0.3175923259230361
-0.34259789863722817,-0.3125620648777918
-0.5389590614998385,-0.3943443651620469
-0.7876901495888088,-0.523062605689052
1.7762972415159912,2.223242738392299
-1.4896549149510494,-0.9554178719259696
0.1188843674747592,0.010714020787218911
-1.3372090703608257,-0.8194506510476892
0.8485657374312839,0.7134501722219357
-1.3034568831490858,-0.801481296387317
-1.701809453515073,-1.037189073973237
1.6920034923319067,2.051414021912589
0.23662075400359708,0.08114115143013836
-0.9297480611164826,-0.6135411655485083
0.7170442359230137,0.5359073800407582
0.6600403584807673,0.44546653669687303
-0.047064946545483655,-1.7858530048419854
1.1445879031240445,1.0805341856933173
0.5304812079682182,0.29132694225421896
-0.6794168729499994,-0.49076524083582124
-1.7461416073845086,-1.0909070839909236
1.1432915245379278,1.1085417261769925
-0.3433695413472446,-0.2705871078524769
1.3690088048168394,1.4609938688026738
-1.346290363719801,-0.7937427082310439
-0.07584274214953848,-1.7858530048419854
-0.048601847717061525,-1.7858530048419854
1.7043857783613152,2.086567183854609
1.2560765588501346,1.2637479353580432
1.5187328523016197,1.726239906046547
-1.1836529347639835,-0.7175310884759311
0.18905635058119788,0.054768793569048624
0.5445751599736927,0.35009612129333423
-0.07304595568252752,-1.7858530048419854
1.7207864867565292,2.115517379669392
0.5851167707085985,0.4003363744874918
0.33376674999788397,0.1513487835100363
0.9277407216359967,0.7947396598898279
0.7380514698399575,0.5494619443415597
0.5286319913770497,0.3597069409308085
1.449251164476784,1.576479687443537
-1.445950046750529,-0.8799173829864223
-1.231817466011456,-0.7274153661407305
0.9207451533817524,0.7386231191086478
-1.4157826412874452,-0.8823631395092776
1.667264834592644,2.024940610427082
0.48933517353693146,0.3179133730909398
0.7726338252268655,0.6505322876532016
1.789230856847818,2.304642050148237
-0.12175240774266238,-0.1700895989940094
-1.000203679339879,-0.6261409593222321
1.0708742640041127,0.9833451979019715
-0.556558403367799,-0.410171357164554
0.4729176608425661,0.2891189141294091
-0.17925337108600908,-0.20534415237996925
-1.3452728747364058,-0.8342492559310105
-1.5873004094018546,-0.9469804633174977
0.8445420594420882,0.6675729546805822
0.022911063012080166,-0.06891224077114137
0.8506225665808792,0.7208408231962804
0.13721043015029075,-0.0008755518050538462
-0.03575111183592717,-1.7858530048419854
0.20646791327226266,0.0670455464166507
0.849979951162762,0.707839846265
1.291652070280375,1.3513814914838436
0.36408681683497157,0.2035900395497919
-0.5511075437235611,-0.4140164405605943
-0.013320703644505952,-1.7858530048419854
-1.2807956355306744,-0.7466084341226825
-1.1131502393227037,-0.6978121101546005
-1.6730850104468848,-1.0551124761599127
-0.03568546207843254,-1.7858530048419854
-0.7334294474758642,-0.48275026819736505
1.667720540191188,2.020172799602985
-1.2258595178788358,-0.7279528916583107
1.327983446293051,1.4244400823984085
1.3794011328898808,1.4785945356418366
-0.07340047200428103,-1.7858530048419854
0.785325220867105,0.6353787056303766
1.0309524173111992,0.9125822411000474
-1.6757247275817657,-1.0801219551504715
1.4467875914760033,1.6042441068968853
-1.5633204396977243,-0.9471267963893718
-1.471077880430436,-0.8898918870288428
0.41350975861383005,0.24423013637395186
1.0980990690873274,1.0137983354449007
0.27945176485620143,0.12374212001296522
-0.00607077853972131,-1.7858530048419854
-0.8415420586755614,-0.5334629112747762
-1.603225925669682,-0.9924248711633783
1.4756158111935018,1.6482925701439086
0.7472366551115408,0.5555192378723566
1.1385824349919447,1.0522125296231188
-0.081343768357371,-1.7858530048419854
-1.437282595456317,-0.8579876249203087
-0.6585798245941621,-0.44318846597903017
1.3905668607449908,1.484316764171092
-1.3092248374400373,-0.7848435925233874
1.7479326368466197,2.24324909289423
-0.07414315561776871,-1.7858530048419854
-0.21761698652914413,-0.17975841260216552
1.7834301903727179,2.2824864708502712
0.23592292017739275,0.1088625955468668
-0.03748679242407664,-1.7858530048419854
1.3554272956461075,1.4528522691862846
-1.2953415039075709,-0.7654807161694153
1.2088260398575092,1.1912606861731172
1.741732879840707,2.1684786120317483
1.4562400864941616,1.6397826445441444
0.8297548354329725,0.6822745544424469
0.6679060601317808,0.48233726889773515
1.6765444982936697,2.0513038244502164
-1.4689200440767505,-0.9050331287222907
1.0068220345873424,0.9228795632205303
-1.6000825181288265,-0.9975981381756992
0.8741368515880223,0.7376914846131002
-0.7745842430928968,-0.5171146699610919
-1.1660938643954781,-0.7176561414223706
-1.250421209282409,-0.7277076503422492
0.7994257730192447,0.633559764863434
-0.2994596881042763,-0.3083829089653249
1.5357947892687263,1.7492576644970812
0.38357156752954075,0.23976310105595633
-1.0686603231142742,-0.7022086177068092
1.3209816005176662,1.3901151354632377
-0.7949848228935905,-0.52008759181561
-0.16587607715478092,-0.17812357455802394
-0.5532862058291139,-0.37076328798311325
-1.6129250425378565,-0.9678631459252276
-1.3296938702988388,-0.8414417191453935
0.5611694724313291,0.38333570200582634
0.5817476519466748,0.391808416729755
0.7597009243763864,0.554789787808223
1.627809481236777,1.9356783845746033
0.1018293556796003,0.011942093805130307
0.036736356005094874,-0.05052578468373354
0.5046020109299958,0.3197778846689936
-1.4886126186741557,-0.9157352160854462
1.3976489621066643,1.5410804910911793
0.3007371906843624,0.15179569499296622
0.42580891552908784,0.24404070197792416
1.4498905508940723,1.5875446874246826
1.2338407986408981,1.1607288673045315
1.1248041039123509,1.0643339193949612
-0.24475290602333458,-0.19884156317989193
-0.00807997488493651,-1.7858530048419854
1.1275734690576231,1.0561243001393472
0.6079755756512201,0.4392668890947379
1.1738524088871245,1.1411414570412284
0.9121278897006264,0.7474327160440559
-0.9128296143608661,-0.6006619614866753
-0.3078426532478606,-0.28309731275489325
-0.8517435852389659,-0.5328134527474081
0.646444987679396,0.4719228420702568
-1.7053042721774156,-1.099148357121752
-0.47541830970154914,-0.3348524117069691
-1.6474599054483103,-1.0595376755744161
-0.0831338490077096,-1.7858530048419854
1.663417460065242,1.9891550593471057
1.3562874005499836,1.431688854352486
0.24170264892211377,0.051824000429495705
0.7679256245929377,0.5763458141816898
-0.5292320472022735,-0.40404071829232924
-1.6322044396471647,-0.9728094116470961
-1.1208940306476936,-0.6747797996971436
1.2747201544665212,1.2819722283783517
1.0521525675266659,0.9653635286529662
1.426633030748472,1.5457669293198677
1.0680446674082498,0.9899920978512385
-1.500187666850027,-0.9122008425644907
-0.226709636830832,-0.20037781403249247
0.03911630387656983,-0.042847340309438806
-1.0135162698685791,-0.6198987529976375
0.4415408687624283,0.28191608460860196
-0.03390663112339943,-1.7858530048419854
0.644393870908308,0.4666685128483193
0.2064178084511645,0.0889934084971007
-0.9052923246313775,-0.6038289297812827
1.095792064768465,1.0333823536376046
0.07620892423030884,-0.004554631061554199
-1.6656429443869027,-1.0294520327548564
-1.486113879888877,-0.8963379172154654
-0.08044872803220186,-1.7858530048419854
1.5688256975476347,1.819316212272581
0.6543415689931921,0.46536796502414723
-0.39347318149361815,-0.33177346949915004
-1.0356730808854524,-0.6760900445902895
-0.01869094559552177,-1.7858530048419854
-0.03659175209890717,-1.7858530048419854
-0.4949219085385377,-0.40359039018539944
-1.0259253639486603,-0.6738729995407263
-0.964028918639494,-0.6064378490449562
0.20121917054159355,0.07090231459252583
-0.261118785512402,-0.2679904362836027
-1.6152498917182887,-1.001308409109556
0.031207314682067108,-0.053858378855297935
-0.8817549896932988,-0.5894627559729639
0.6623122036086173,0.49246438112122864
1.104762126532717,1.0720171679973916
0.2892564651971438,0.15337377888471973
-1.7267551273490078,-1.0459141898304747
-1.459506217318817,-0.8802456006947592
0.5240164205894803,0.32746989361483
-0.10591394210777431,-0.14418776507885173
1.4971332520279947,1.6668978410296789
-0.6593004550329566,-0.47879342255360513
0.29108699976107844,0.14169263159145093
1.4819412017654277,1.6217383419907465
-1.5025274669190312,-0.9010940292002882
0.7406776192604685,0.5300316900612879
1.2380504472706888,1.2320758377102203
0.48534126203765066,0.3442339583841065
-0.043728104957382004,-1.7858530048419854
-1.5506898698842542,-0.9338353927784938
-0.7346487005811944,-0.4812201383570205
0.34937191800867423,0.19080155903006774
-0.9359234359624887,-0.6054330275926791
-0.34873438435522436,-0.29835930241477515
1.5954143335521054,1.834759559552826
-1.309418811667872,-0.8455465544756737
-1.4859196315736283,-0.9028660080203368
-1.6137150088598378,-0.9702714336830428
-1.6543256869015992,-1.0187071706219217
1.1108071000197317,1.0464370483706462
0.9803203257979204,0.8735363910986225
-0.7744714403828004,-0.5007748956842217
-0.5172168503348812,-0.3778257974756944
1.3403379414929524,1.3681104991991242
0.4733516043150501,0.3257111002816705
1.4539288379319761,1.618383648560795
-1.4875383000120086,-0.9134014250122573
-0.9010488121457894,-0.6008101307082768
-1.5668028246324999,-0.9502055516537152
-1.4593659812627542,-0.92036427247123
-0.06970824413017056,-1.7858530048419854
1.013796915956395,0.8911978542368586
0.7602623131319014,0.5725621638598605
1.1910426978930206,1.1861963828077386
-0.8274192477875049,-0.5610387723278424
0.603249460291596,0.4224153400599833
-0.46260464040498067,-0.3692055349185249
-0.5862107292487296,-0.42427037938977
0.03889026027857686,-0.04286653822190969
1.0503195395197549,0.9810874541683815
1.0195991957816537,0.8954148074724555
-1.405456859895606,-0.8629422862510135
1.2664572634679798,1.2855899636712662
-0.5777183648270925,-0.42523947893759073
1.6205971241837462,1.9324564389183725
1.1395033938735517,1.08404216713554
0.9460874654618846,0.7806318551033955
-0.058072719902969784,-1.7858530048419854
0.5267262924366921,0.33996290906593785
-1.0234751399903232,-0.622308233164299
1.3452420705370607,1.4396767292627959
-0.7311622140246173,-0.4947468311316284
-0.39334529244214467,-0.3179245810517195
-1.3875228223693712,-0.8535184073453266
1.4590664096721804,1.6105099430536791
-1.6960756264064587,-1.066945510668567
1.6798687998702606,2.0282855537234026
-0.9284204886798161,-0.598901673564323
0.23042276271262707,0.05474261404860729
-1.361301700978577,-0.8178326767021665
-1.3824437847312694,-0.8575117023883662
0.4903913043772763,0.31882363800257035
-0.6383957958824665,-0.4181016604134611
1.5746131050618362,1.8482710083721392
1.5502863934132518,1.7891039145418761
-1.2418803048238833,-0.77043412258032
0.5330680942931308,0.36103840729996856
-0.21297836662810943,-0.20110741942490423
-0.7393124487874878,-0.5022479792546889
1.686773164615677,2.0424787833331366
0.33984216761328184,0.15799396882612574
-1.2018967033738246,-0.7520380519007809
-0.22330167544821586,-0.25938117788535314
0.41955829929131855,0.24291657135317665
-0.6276890120571802,-0.46435600748864336
1.0648148181911965,0.9855119700892017
1.16294526687782,1.1065809103442934
0.3095648985286566,0.1334915112916269
-0.8690512732403353,-0.5374328327530856
0.5276591979585696,0.3421987350717878
-1.7638726934373026,-1.0697110414465203
0.857971595863775,0.6776766698277535
1.1922932039747982,1.1603141786248408
-0.7179409512059598,-0.4885737055948396
0.31676340687767185,0.13508154478709586
0.9088851443496853,0.7697557353252291
-0.8788868580001022,-0.5690394206309786
-0.7322403284907217,-0.5040198339007201
0.7365478979951164,0.5438603359840024
1.2644765726259406,1.258876067125094
-0.6363431079982313,-0.4253329821029619
0.20993942891432132,0.05554353663435316
0.973237998455377,0.8673938206890762
-0.48363338728202226,-0.35800916648122416
-1.554378538726961,-0.9269375568024135
0.3072904976447427,0.13301037731265117
1.3264050379393275,1.3597169490976906
-0.9676241092586596,-0.6135304472561874
1.5560049702036454,1.761418464502397
-0.34707889621016197,-0.26287861806672985
-0.00012482389985869053,-1.7858530048419854
-0.9191022464222878,-0.5895567236828245
-0.8178889080206281,-0.5377675556304393
-1.606016034199217,-0.9936024549852197
-0.26013953879834656,-0.24488537732480906
0.16560352891189903,0.006737319678964453
1.65758107885661,2.0002705645167995
0.5904930214298149,0.41896423953353196
1.3237677128352412,1.3862779575985675
-1.0705439845073699,-0.696842470375938
-0.0495355426002521,-1.7858530048419854
-1.7605047800664375,-1.1014537413284213
-0.372872616471402,-0.35137227983462055
0.8537117803320573,0.7109396532147026
-1.4784881095192737,-0.8905599383963279
-0.6889334065427596,-0.48168410954369295
-1.0715235402273042,-0.6656637280059262
-0.20277821164252896,-0.21067551536168674
-0.8014201494153741,-0.5202152071332294
1.0688728729558763,0.9767950568416864
0.7571847059587766,0.6104579102887463
-0.011530622994167345,-1.7858530048419854
-1.5220662856994704,-0.9245990024881549
0.41920870062097876,0.250174077673585
0.5204493403494264,0.3431233129617265
-1.5548888671735763,-0.9894499979014271
1.731424917247565,2.129375748114739
-0.9681751737510392,-0.6042828824093641
1.3590168657245303,1.4395430994379346
-1.5491692106692572,-0.9593948161109402
-0.5412534418456577,-0.3846285631353393
-0.5380105911886598,-0.39425791038504465
-0.05538759892746204,-1.7858530048419854
-0.8354665067946472,-0.5176092262041351
-0.30514706326242197,-0.23378793528019393
-1.5181015469762333,-0.904790118844544
1.1843744368775968,1.143318928074137
0.04442528088514113,-0.036060098891572724
-1.0191995302447412,-0.6438811870335513
1.757679674899305,2.2291126291555408
-1.714949150011663,-1.036196929178292
-0.16508060740924707,-0.2319743645187862
-1.334823230175935,-0.8135730733624951
-0.15539552470389506,-0.18785524392413178
0.5609066084569284,0.37936770045288426
0.4223933973165081,0.24870946723454812
0.22463095292006752,0.048263347619310705
-1.1935559529559636,-0.7423540750952037
0.5669273550232655,0.3959245774190907
1.0783867958916038,0.9997027702682199
1.43857434540732,1.5655776778274217
-0.05862616713993558,-1.7858530048419854
1.3362745444260862,1.3989049452466207
-0.2140448917126157,-0.2031501261353611
0.5221063443367849,0.3397125751232182
0.3837458870373517,0.22261484728864067
-0.854272541553304,-0.5801231648266707
1.7250704462006785,2.1139709217451457
1.6983345272718622,2.0632316118767267
-0.815450038538395,-0.557097244271008
-0.966175884550682,-0.626639833329316
0.13518066698274014,0.033640897441413145
-1.2759171094205828,-0.7683891953592852
-0.8437290718987754,-0.5387249012350155
-0.3004994561783735,-0.22413400961162674
-0.7888104426767156,-0.5202130564609299
-0.6915616357809878,-0.5244474341169566
0.7851602029724769,0.6296103659865252
0.9991348990336784,0.8658828821287582
-1.49916641589228,-0.9192816640408569
0.831677605918208,0.6726458978418589
0.33473243903760846,0.17353999206112378
-1.5898464705774962,-0.9769524745721277
1.0514856510087405,0.9720164098676839
-1.434815344041542,-0.8578998233685751
0.3321540497112034,0.15596948172519404
-0.14378827235562136,-0.15969264334034527
-1.267101921258037,-0.8123058585652082
1.4913048189586335,1.679427942850386
1.1392507378813326,1.0589218766391286
1.3200457430955364,1.3663338382675805
1.4709209884035042,1.60011993373243
-1.165908208097093,-0.7553613419649331
-0.13307266712289023,-0.19523478877155132
0.7891342196810888,0.6235815813788161
0.5958755850908477,0.4290436111136365
-0.8460159374776336,-0.53707324998232
0.9777731491229141,0.8550557744513025
-1.049444589049002,-0.6483775732831315
-1.0831489358053665,-0.6506909137319619
-1.4049170172939371,-0.8657897281061679
-0.8119208822239721,-0.5080981813631686
-1.4276092088289913,-0.8658017228976655
0.743111578324543,0.5434879193925205
-0.7497485131786117,-0.522152624976843
-0.3676554931204846,-0.3316770201208815
0.8393159762923658,0.6592761584279903
-0.29378899721945423,-0.2859629793581578
0.6385010302361763,0.48385814071225375
1.1572052016269079,1.0938771137148189
1.7418255550457844,2.1802366899921988
1.341623185695323,1.385184197599736
1.0789607766528062,0.9868576529517155
-1.3934358101008222,-0.8366243086944821
-0.15919347299645034,-0.19870440596287495
-0.2957526448363346,-0.2508195459422252
-0.9633250670319388,-0.5851145022055845
0.14347142435362395,0.030062296678313536
-0.42375632213321274,-0.34660372076005996
-0.19262156474974645,-0.19973744523530418
0.16160393742776788,0.025171170623691126
-0.5368052278097012,-0.3779088148229029
-0.4887124553496161,-0.3832756587294629
-0.15939112613245546,-0.19764540152024906
-0.8718705518035537,-0.556040186680751
1.309390654564447,1.3565029369606276
1.1208729028894073,1.0483245093498947
1.263032568930305,1.2451669190968782
-1.7227905939439956,-1.0430754742830268
-1.663602175096813,-1.0322684639223618
0.3888835080907447,0.2235093944678185
1.3259497597198842,1.3966922355791946
-1.2646254253649103,-0.7775049880300468
-1.735841581783601,-1.0649284259756298
-0.17547660189359118,-0.17428052558668444
1.7338008209322195,2.1264816284549486
1.6503230200234924,1.9694730158291425
0.04825467197771099,-0.05591083436259971
-0.3724886259635595,-0.2851337741594247
0.3875587597101395,0.21207433752907398
0.9844595226905267,0.8339842752451645
0.20487921655137756,0.07153668408661103
0.8281085409926873,0.6786371484560096
-1.5492985609520935,-0.9476156432824985
-1.3824544546520123,-0.8217321925621738
-0.05091239730161569,-1.7858530048419854
-1.158636125382198,-0.738121079051473
1.478363471532368,1.675035826041973
-1.0344125827010007,-0.6637320240297825
-1.526267210661572,-0.9678873363907631
1.460290597327227,1.6180066502670163
-0.6329309170262767,-0.45823835049579337
0.5422175024139694,0.3706946308082507
-0.02048102624586038,-1.7858530048419854
0.0402755657175652,-0.042427108289646014
-0.7544741257513917,-0.5153531067032934
-1.638556744063675,-0.9613100747644887
-1.267324561334281,-0.7922897336794378
0.429697967345572,0.2278837926945835
-1.2929392604667755,-0.7848443837444543
-0.6561663885004505,-0.4541632143978842
-1.3083191898342572,-0.7810300525611035
1.6073790109358066,1.9244758707389307
-1.5712522102566793,-0.9619663831232873
1.3804487677760071,1.4459032246814598
-0.2537204173458534,-0.2555300188035685
-0.556969120108654,-0.3927154764917147
1.2167676288316482,1.180523568057804
1.5172389874003231,1.7075470760497578
0.26088289654361363,0.12066575254413688
-0.4734615334976129,-0.30965561279553966
-0.6891541363403801,-0.4807371087388937
0.27022172457722,0.1056573393140703
1.196516151725374,1.1834537027399092
1.6791965594326979,2.0507867858060878
0.7112878366126691,0.5311616753796642
-1.5083312433638416,-0.9350462248732786
-0.23552150725543483,-0.23045758442384323
-0.9879163909309816,-0.6766645382160237
1.4485237169693956,1.5759815677800926
-0.3902618852014556,-0.30221815602186675
0.011397543139670474,-0.05463522317165105
0.6673632705175192,0.4937951553892791
0.5869621543899685,0.4380655745804038
-0.015110784294844559,-1.7858530048419854
-1.7255495631004698,-1.0398441274650478
-0.024509885129616098,-1.7858530048419854
0.7900988462934194,0.5894567188693778
0.30602389167325605,0.18646209613097106
-0.16418164212246494,-0.1796322959844277
-1.5687230389723907,-0.972597021743318
1.3364657309532653,1.3947912656006631
-0.9464017000423107,-0.6073510416909397
-0.6941303485120855,-0.4348209248983419
1.0016069857059928,0.8898384146067639
0.45245650908734314,0.28240845234698664
1.3492985656920746,1.4330570353589502
-1.4799850358391575,-0.8909269498269076
-0.4887251054265323,-0.3582274698208361
-0.021376066571029514,-1.7858530048419854
0.8263191126363452,0.6944613116541262
1.5951561169130855,1.8741651728517572
0.6002671503946203,0.4229475010771794
-0.6645914808657762,-0.48090120025001154
0.91450058487881,0.7650582033299426
-0.6707688148748813,-0.44483966971579436
0.2786106713823805,0.1181760350675255
-0.6386150002317774,-0.46917851310574704
0.6145702650370412,0.42859985152239083
-1.2660715450129763,-0.7531712108748126
-0.6957360705554543,-0.5023870504072909
1.0436392249279174,0.9396200170027762
-0.07507848608118604,-1.7858530048419854
0.0018949818833717037,-0.08370397371588831
-0.4473377720306572,-0.34952788048365574
-0.2823672047242593,-0.25475232506591927
-0.0706032844553397,-1.7858530048419854
1.3380782846167163,1.3962906711673255
-0.9998829048217034,-0.627416912890871
-0.9002462539666581,-0.5882079380493269
1.5656547801023286,1.7920241130841652
-1.4283305745353196,-0.8933239480191792
1.5207370131140783,1.7217678573024449
1.685876568025093,2.0603097587690478
-0.4762135599103776,-0.3729196093551541
-0.4310235214036099,-0.36242169076315883
0.5649962791430999,0.35117087359046334
0.827377804580978,0.6621258154470041
0.9768793293720068,0.8744739498933984
-0.7549035366946426,-0.543567069913525
-0.44446832997696695,-0.33863910609735404
-0.6237274297729917,-0.4624474496325799
1.3935308849594161,1.5044572482556644
-0.19487760590635428,-0.20756828694679685
-0.028536389172383606,-1.7858530048419854
-1.6099799847817804,-1.0072775100779991
-0.044647115025430735,-1.7858530048419854
-1.323394448857734,-0.7969109710720722
0.47346700074685777,0.32910446535893556
1.3652082025798198,1.435222558603563
0.7897343421496423,0.6132765459290236
-0.18711589599611855,-0.19714409274343853
0.8667326275350333,0.71818930381402
-1.2349850017505033,-0.7290838416596617
0.8878152097852803,0.7623313266927352
-1.1768533203908622,-0.7398665669794686
0.36261327997846493,0.20354688347338906
-0.0022946893555117246,-1.7858530048419854
0.8530349177261134,0.7054300180116022
-1.5836957248881613,-0.9548947079450183
-1.1082390409757066,-0.674058888168065
-1.811363631088653,-1.1499480022368844
-0.8108719818674537,-0.5733927997517074
1.4970053644276824,1.70733642874892
-0.14873678041579083,-0.22480518256965695
-0.13429274401607266,-0.16677769743963536
1.4513291360647171,1.6001425992417673
-0.7533568566252151,-0.5167862966832893
0.6986666643078709,0.5029720793098944
-0.07776360705669412,-1.7858530048419854
-0.05417946754781429,-1.7858530048419854
-1.3278842711329186,-0.8021269108006156
-0.6622355696733848,-0.46751229144237705
0.3803701763834563,0.16135316123507298
-0.5538741396002083,-0.39363542517497746
-0.4256487900182069,-0.3692626945232854
0.5836329234646079,0.4239309007587125
-1.752995318923483,-1.0932050748723325
-0.027074762424595805,-1.7858530048419854
0.2303867425806815,0.08386362241455621
0.9793074186287686,0.8638400023363467
-0.23197567898967394,-0.23272987566084122
-0.32618146699363354,-0.2936099795682673
-0.6834255158089768,-0.43410178723829956
0.7442829007898468,0.5978227594965269
0.9755575097863232,0.8479841129686023
0.3933707239008281,0.21156011663059768
-1.3652041660216343,-0.8543845557479026
-0.7338732690213596,-0.5151895564148108
-1.3118855148409754,-0.803660982563075
1.585034839474398,1.8234331550197402
-1.5666572831322647,-1.0003695738122151
1.0486354785479772,0.9679639012702327
1.123320186808351,1.0694772753372976
0.9763008196431261,0.8586328280895527
-0.6958891840604479,-0.5110977863105444
1.667493404747673,2.0333603668596876
0.2933196780728949,0.12865658197882848
0.5207778136707883,0.36369914948931387
-1.3972390244412818,-0.8997905409668254
1.2520763739164995,1.244412803555885
1.5804383730801377,1.874582671246676
-1.6434029052976595,-1.012879654184866
-0.48190878963892514,-0.3856950715480005
1.0943583667837626,0.9942577012155168
-0.5305327130148656,-0.3993112720155345
0.8362436334336755,0.6798254514423988
-0.1295830740807685,-0.18835701431271742
0.766053836464493,0.6034589851051383
-0.050017356976446554,-1.7858530048419854
0.40365523759335875,0.219184845513347
-0.5892947628036967,-0.4330468340318138
1.35102381222759,1.4156303958376768
-1.5897368707085924,-0.9639666851824114
0.35694811655972825,0.1973055308938631
-1.4594708854832517,-0.9031346487811884
1.705252020688171,2.115391582748819
-0.5532449305267204,-0.40932678040984427
1.674279535287984,2.063631838669081
-0.9429579579861439,-0.5633277854142895
-0.05192372082760892,-1.7858530048419854
1.4781976014810323,1.6101017786358107
0.9311349142254379,0.7972986107283502
0.4466951089645957,0.2996006146508429
1.3627151982334218,1.4336493076186334
-0.005265340717982388,-1.7858530048419854
1.5578625556077268,1.7573197600599448
0.03775091526152652,-0.035328490442448665
-0.4361433796815307,-0.35248928956145076
-0.08671401030838682,-0.13337519993797092
0.37291733812221484,0.20822010959578474
-0.8210027802284069,-0.5413961606810588
0.500139044420032,0.32576876296046975
-0.10840859206625436,-0.146978836688613
0.15203521143583434,0.04485757851941785
0.6897287837850449,0.5090668022506937
-0.059862800553308386,-1.7858530048419854
1.0688057669853637,0.9798904772098606
-1.6976368883508859,-1.0838217822859317
1.6854269352558755,2.0834969992428265
0.8504828040374697,0.689606557685952
-0.5094258157557566,-0.358429034377137
0.14994688699869912,0.00039817278341790837
-0.3054772138245002,-0.2718181153749411
-1.6150471455003295,-1.0160219659470122
1.3555136672000792,1.4152153200872974
-1.7454936338752023,-1.0937534174672077
-1.4034633705433186,-0.8656137067383772
-1.1357342810260187,-0.7131939817111912
-0.9364871690732173,-0.6110824646627412
-0.9802338806149674,-0.6366529021735668
-1.157458850629407,-0.7437229232531134
1.3118533865965871,1.3564504359288674
1.0747441846029504,0.9852003025471634
0.42836873251191204,0.26492162050785123
1.339717971691779,1.3902399297885994
-0.8043612797145528,-0.5665429747105636
-1.3023933774706973,-0.7900898213486116
-0.794398731366666,-0.5610038548434769
0.8164059113503797,0.6327218605483896
1.259731803695587,1.2980409386374188
-1.5881426471320021,-0.9833968892486531
-0.16600237762450604,-0.164863114364426
-0.18466300852069922,-0.19606364423039982
-0.12685184766683857,-0.15059112608421574
0.35183791344056603,0.17524498683657205
0.6670881700113087,0.534178462774093
1.7933368830409993,2.2785635731186398
-0.055734374914826725,-1.7858530048419854
-0.07557106750426257,-1.7858530048419854
0.3047814337870348,0.1451722357335616
-1.0145853347272786,-0.6553731249424013
-0.795151157155754,-0.5382906535153851
-0.4828137049801011,-0.36465883439398955
-1.1231082925535973,-0.7141060317163653
0.670129953111933,0.4811825724042516
0.593751299900159,0.4338972970228096
1.0124845428183513,0.9039395812539351
0.9717066700657494,0.8254378570714956
-0.6091647923753916,-0.441288363062646
1.0356161592485222,0.9332084033100871
1.6918728643446699,2.0497280734670627
-1.6027741948837875,-0.9975928165226748
-0.07162892778821538,-1.7858530048419854
0.6928623209321477,0.5174601814237534
1.2279623311110472,1.214497055122375
1.1690197230224835,1.1266312902166047
0.03211171657585849,-0.06636556959725476
-0.41282510410832635,-0.3235107072485812
0.4335762256075465,0.2395683879295745
-1.1956932378972507,-0.7468121823521596
1.0261420647897819,0.9129874361556146
0.08590868872979252,-0.018668018110439413
-0.0177959052703523,-1.7858530048419854
-1.5683026416073305,-0.965525515896356
0.15496706420041734,0.01010953263603535
-1.6563155022440663,-1.0477089802020594
0.22093116015723457,0.06869255686620888
-0.6746649373382556,-0.47797287971516905
-0.2624691801255597,-0.24949343850225164
0.2582971211288206,0.08046110846547323
-1.2414013245812094,-0.7706146580645169
-1.4488930275994303,-0.8988908601099718
-1.3723360134895173,-0.8835306971891351
-0.019696987839876754,-1.7858530048419854
-0.09040984023218061,-0.14364923225446063
-0.04609607973090306,-1.7858530048419854
0.06064757571506587,0.01688553767880209
1.432944474240989,1.560670450560069
-1.3885211314306674,-0.856440682649652
-0.014554333259901702,-1.7858530048419854
-0.18882981111642302,-0.2394878884838723
-0.9368201614809222,-0.5686144774248646
0.14765630642111843,0.023498357765204227
1.6268197667619952,1.9459405713053368
-1.011491310206646,-0.6563363047235702
-0.337442647108135,-0.2626963636665459
0.900694321219305,0.769860749921992
-0.6045896468221006,-0.41026118355151137
1.4498983533054488,1.57473657936042
1.3982209860582486,1.504108933743278
0.22070464588639124,0.08426244059296654
-0.46742232164506703,-0.35394787717784737
-0.6477297432564904,-0.44782739745554323
1.7585602565129066,2.210750901747522
-0.046437195675769344,-1.7858530048419854
-1.6187996599784928,-1.0193425298890193
0.7745758129799043,0.6164756644039266
1.2597432994528794,1.2700492828670122
0.795474554475538,0.6281940042417375
0.002391712257419216,-0.07605430924367851
-1.4645267841323537,-0.8828576837364207
-1.102105694872976,-0.6769152926563614
1.5302344466994233,1.7701477600114137
1.760710355130457,2.235509427194776
0.5186693431992008,0.3486879044598256
-0.907491233334061,-0.6044478911175988
0.7484178522527474,0.570675432894358
0.1865593372166107,0.0651181575892535
0.08261402026996151,-0.0022517206387078752
1.1408358163049759,1.1094766296416365
0.06481319520519849,-0.03348493770574803
-0.007055421368320995,-1.7858530048419854
0.9001498766991268,0.7512413230169688
-0.7996178459752935,-0.5245189494194832
-1.223785318294572,-0.7888240225508977
-1.4741908022624628,-0.9116829239279283
0.3333722977385458,0.19300890659912012
0.4820884432546662,0.3064353103288703
-1.108102319929123,-0.6848086803529723
-0.8387008475585184,-0.55794141614504
0.17741320474097225,0.07014872863607698
1.302405759882304,1.3577149894642142
0.9613217055867695,0.8354956012817712
1.3381358247872037,1.4039620673473499
-0.07431921380695473,-1.7858530048419854
1.2738531109974571,1.2742308931946065
-0.07328840543084778,-1.7858530048419854
0.3536182088404596,0.2121017712270244
1.261227661501053,1.280354823146092
-1.0855452812123567,-0.6679055207213109
1.4041832773685163,1.4623851325826795
-0.18262239209166517,-0.21844097301107943
-0.9671510430309317,-0.6099030074758057
-0.05135725662157766,-1.7858530048419854
0.39610106476366885,0.2202042977048202
-1.2955298876560921,-0.8010525966634435
1.2974442145883784,1.2940454047783638
-0.4250018138407686,-0.330101259532311
-0.20414549268775045,-0.2158481765544838
-1.680429657300435,-1.0280612140003798
-1.6275104615329368,-1.0315710959316073
-0.024162171464358385,-1.7858530048419854
-0.5328187715593649,-0.4217298305957488
-1.3979798425764036,-0.8417895319842925
-1.6065592060077623,-1.022195389139688
0.6396235945998571,0.4640355508233428
1.0854891027928948,1.0331894548068605
-0.9983325197768448,-0.6388565977244596
-0.07597352640635552,-1.7858530048419854
0.2588743773652858,0.07371592844913731
0.6738838632495178,0.5016599923854811
0.10685798738353108,-0.014277432573110253
-0.06791816347983196,-1.7858530048419854
1.1374388790205219,1.1021370974226496
-0.6931426579082142,-0.4422466839181293
1.2513036854178172,1.243300489592817
1.2378100879712273,1.2232407809203307
0.14348959799503733,0.015317097008851865
0.2581111462791883,0.10591999851025583
1.1409447139706872,1.1154557357241048
1.0121283439333126,0.8977263836191619
1.676403056576611,2.0130679150896285
-0.07772539023823229,-1.7858530048419854
1.3935248883679907,1.4718624868197445
-0.8106661627410838,-0.5576641170180919
-1.5968774154738619,-0.978260920416673
1.2743559412594727,1.2730426641598511
1.1560392736685234,1.1195364860234105
0.7205432021858351,0.5721736637888881
-0.09927577033624359,-0.12917721287730657
-1.1803858856748293,-0.7470309826509783
1.6206613803413499,1.9337568945179209
1.2333042726315067,1.223062282194828
-0.6209885069274033,-0.46331731426395956
0.13738760174165018,-0.0014805842690631872
-0.5397531529969555,-0.3784154129319169
-1.2171117230361213,-0.7601943119064919
0.054752865532031236,-0.03525817038004938
-0.6873343327122455,-0.4899938628736942
1.5349238330281336,1.7625570745261945
-0.5880114237668893,-0.41362552370129585
1.15058993160815,1.0801567416830664
0.031339898417220256,-0.09093288182133111
-0.016900864945183166,-1.7858530048419854
1.081126988732879,0.968549999828832
0.5232316349815281,0.33360087503004454
-0.3986277290628854,-0.3318447921833872
-0.0034752600676441173,-1.7858530048419854
1.0579403314612723,0.9501758869219759
-1.1288224582678474,-0.6993017305382123
-0.061652881203646995,-1.7858530048419854
-0.9984598943071482,-0.6309037806770433
0.7787458273482486,0.6028556418407229
-1.156780219015014,-0.6881816181714395
0.24896514844515982,0.10485927116618532
1.6401764056951733,1.9333824588091881
1.556342446783683,1.740851977918971
-0.5534813447449263,-0.40220876939117167
-1.482974076462194,-0.9153745447279937
-0.05180743762678482,-1.7858530048419854
0.7546040541001454,0.5682981431154474
-0.04554215535059987,-1.7858530048419854
-0.5620430879867946,-0.3952464781337523
-0.7065661870799954,-0.5265936829259891
1.7041452470377623,2.117008154391226
0.28840266186801217,0.143307743225534
-0.39401424965145343,-0.3210154529099381
1.5685872800673124,1.816163340176716
-1.5407073788266075,-0.9233000595120904
0.04857719141728899,-0.02539906811095639
0.8615316422259727,0.7143126952663382
-0.5748473598628303,-0.42752357564061705
1.6876033509399673,2.0785695229688343
1.1393104130976364,1.1059027328983508
-0.4569093933559232,-0.33163899954386244
-0.5879065795989964,-0.4098913467748945
-1.8363000724407852,-1.1672446766130395
-1.3790388253730803,-0.8145128752103397
0.07629017261922368,-0.03192285399977276
0.3997165256088203,0.22141377024719747
-1.0939976047823068,-0.674789403300725
0.9715650599472256,0.8333015298034601
0.5187492793008633,0.3680985976930789
-0.7790656258754425,-0.5460768591295115
0.09221702747306666,-0.0008681283370773096
-0.19810787620769998,-0.1992858667313289
0.5215490176619487,0.30582831374092234
-1.1522699790671915,-0.6841571479298465
1.5506127293248908,1.777215015142236
0.14376034758158635,-0.02810038928134271
1.5854004427693782,1.8196139224258618
0.7781437197865096,0.5774983043615576
0.03235078743278286,-0.06899914116597029
-1.7558433776586397,-1.116303348785017
0.9994286643922496,0.9101907646716966
-0.33347275462138387,-0.29710226935031
1.6032455993098054,1.869935856929862
-1.128068789449688,-0.7178392116955249
-1.455183847656387,-0.8880662113611236
-0.8444909105431772,-0.5698441968203528
0.5425352263140001,0.37477301174790695
0.1325097392225571,0.006233205514019648
-0.48908495649715056,-0.3670379213967827
-0.14349408724613516,-0.17736880759447815
-0.36430804880397216,-0.3038175685557299
-1.5532687213582412,-0.9347761791885191
-0.44716982487891876,-0.3529164141618806
-0.6836503436103335,-0.47271487608318785
-1.1516431078995002,-0.7342143040289851
0.29330154823887916,0.16906333061359705
1.1064999675145248,1.0214014740383321
-0.5582707016005398,-0.441994844737074
0.1417279098330176,0.016283499144709775
1.3186282644806353,1.3635743394256388
1.1630358378558634,1.121520662497549
1.0631153884361004,0.9841328253494313
-1.235773063106592,-0.7485575744265185
1.3592059725094787,1.4262503777371554
-1.5454715817928837,-0.9303512262693368
1.1984204590754184,1.1712195155971985
1.4776594658620223,1.6340928851545244
0.5939829939824567,0.3977476541510596
1.1960351302502281,1.1747772593562946
-1.1618433121180158,-0.7240214664315833
-1.1730778319998463,-0.7311547816929577
-0.02495622787170673,-1.7858530048419854
-0.7187846345794948,-0.4797446359415821
-0.7520956029422188,-0.47562859163708904
-0.5610744901713727,-0.4537268456829898
0.5908786605899956,0.4064720855582194
-0.9196585495651615,-0.5834369811795865
0.2919338412274095,0.14016951430321226
-1.2003705453627338,-0.7478339339813209
-0.47928058464753426,-0.39966327953401887
1.4282786775174154,1.5737735397151589
1.0196235732595045,0.8859924886288686
1.5720075915467018,1.821574482335587
-1.6343624373870944,-1.0025456494316225
-1.7297923365251613,-1.0763296203796517
1.2425833103756425,1.2350678451469854
0.5336852744850906,0.36246011116212573
0.8725489161661285,0.728481304539333
0.541616496924466,0.34554991579208455
-1.1352786991444421,-0.7329508650888492
-1.3617903682368444,-0.8362959635118309
-1.3238187513926691,-0.8110167430018748
-0.3906825264537317,-0.3466462785905718
-1.1278606909672966,-0.6968730428279981
0.9638873774722139,0.8354926764630264
-1.0487224111846787,-0.6900307325350835
-0.5200824989557705,-0.3906455197739911
-0.7699640506013171,-0.5407375819908207
1.6448147720068305,1.9978080498200064
-0.7963869181064808,-0.5362591369875849
0.39083122663378206,0.2214375891269126
-1.370890176154848,-0.843895541263258
-1.3313971369641253,-0.8256865752285922
1.4192295943756503,1.5416526106007273
-0.030496717138400357,-1.7858530048419854
-0.6423137504963913,-0.4453421648118468
-1.1948863275136756,-0.7504486792341718
-0.38987578385400423,-0.3464869737278139
1.5036493945744245,1.6868931478553044
-0.3462730508115488,-0.3270044103898823
0.5967499786960933,0.3846050626711466
0.24816910236786352,0.11233135365917263
1.5708992305235967,1.8233509477062448
-0.03066525861923398,-1.7858530048419854
-0.8986459398693498,-0.5913380518567041
-1.5103407792076848,-0.9132816209836139
-0.40482553453392417,-0.32508251580767283
1.5641548145277875,1.7982198304078556
1.6486696739506925,1.9512449951389117
1.68832748629417,2.0843089213519623
0.6152638916256286,0.4424829556731103
-0.35454300331935484,-0.29803358337491054
-0.5656559720350128,-0.4512445981677591
0.36848134588087966,0.17849218455424937
-0.47641294118825916,-0.3709311767664405
0.9363896267469992,0.8250602182589681
-0.8455800663980655,-0.535702025798934
0.8026027215488021,0.6224106284558145
0.8996365269837768,0.7919965042139193
-0.3281573938040858,-0.28787547955671533
1.1254298374425684,1.075689462187312
1.5704304040212598,1.8402969166188838
-0.016541227594066784,-1.7858530048419854
0.16885900518562363,0.059608424970419946
-0.2319963510485715,-0.25600366942521985
0.7133389233478797,0.5353425321765044
-1.526260100976055,-0.9499238763900095
-0.07149832478050916,-1.7858530048419854
-0.8116264441356458,-0.5504662194723787
-0.9340072620615976,-0.5948441501824243
-0.36842296773898064,-0.3330582297844481
-0.1401827619608713,-0.13985424257414258
-1.086170571669569,-0.6794063905853231
1.0111009773366613,0.9269623091632371
1.5886319727474951,1.858381185884765
0.46317588534625387,0.2850899410581388
-0.10029820861162507,-0.15296429404558318
0.32554287598010956,0.1320295259913596
-1.2833071864988141,-0.8040608278785918
0.4369353117455011,0.28617690375091553
-1.7162753977640268,-1.0974404402130393
0.9771091543948873,0.8110355220407444
-0.44802847858902506,-0.3484534729298261
-0.020154033045311767,-1.7858530048419854
-1.164595943559873,-0.7096297942327698
-0.5600510038184199,-0.41470083657228507
1.694356721791134,2.02730458229786
1.1922682483160545,1.1672474406414723
-0.038170692252588595,-1.7858530048419854
-1.5724537900913629,-0.9661939623917315
0.8900406641013869,0.7565355508782463
1.5826579309731073,1.8031385622511122
-1.6772070192923667,-1.0380524619321525
-1.0474896170851347,-0.6523831838905367
0.21959215161085036,0.08017561985889522
0.597357138784569,0.4187460750457679
-0.505864451115891,-0.3992154204467032
0.8539055482678397,0.6852345358536648
1.0054729490548127,0.8550659594474499
1.4940743168420767,1.6660466534753675
0.41861315222552736,0.2273078270149252
-1.029176794738701,-0.6434671175294507
-0.3560635531147108,-0.33434539808601144
0.25771950446365194,0.0832157855536969
1.6102714063796901,1.929397296156901
0.4579485339550489,0.28276932479918554
1.2069197951596486,1.191007186712427
0.9077317933984943,0.7663662481032636
1.4473952719611765,1.559761110850391
-1.812441510890207,-1.1654323755090241
-1.3089847343253747,-0.7982340943178727
-0.00186178058516493,-1.7858530048419854
-0.8655121419952977,-0.5650595426031807
-0.9751971163233837,-0.6219208800463697
-1.2595642551726676,-0.8229964610933697
0.057545676941937796,-0.03280811811751721
1.2815925775478485,1.2889403703263727
0.6783498959021393,0.4476092433020504
-1.4231775074060993,-0.862773768880586
-1.6391287545568405,-1.045406776362014
1.4441962739628882,1.6001367274241571
-0.5231314178526978,-0.39531367812051643
-1.8085783017307098,-1.1626557767238026
-1.2791426175263083,-0.7565760493974583
-1.0397789187214264,-0.6542464175632016
1.0111553741658925,0.9111316171815778
1.456821478503131,1.5972354518755874
-0.7385188641309303,-0.5255709864713931
0.19969511825678915,0.08757614739052628
-0.9801814285331366,-0.6084319065678108
1.7152527165671831,2.0879395708381057
-0.027641348847214472,-1.7858530048419854
1.7965764696005277,2.3120505243776432
-0.04017191339958438,-1.7858530048419854
0.09116104747682342,-0.03134302993069161
-1.7168540704934798,-1.0783104714560188
1.3282467163377392,1.3644764650883954
0.505736511975882,0.2955037764147168
0.2557124349949544,0.1071078297253597
-0.7900176646789617,-0.5052125661200534
0.24231010092907757,0.10124041347921627
-1.7459994776674368,-1.1099009240870803
1.7622380499561283,2.2289849315941423
1.2566400942049394,1.2451605169232007
-0.0016851794173055102,-1.7858530048419854
-0.08223880868254047,-1.7858530048419854
-1.6200860804167905,-1.0154148562359764
1.0164094122707603,0.8977758766986721
-0.2969251613719476,-0.2661304016196033
1.4943103491925254,1.678464260711749
0.44201616120597953,0.2764632935954413
0.2641949988199064,0.13719816870268817
-0.33531046645727713,-0.2811184615098073
0.4591841393218405,0.26845354981401953
-0.4216304879182869,-0.3409528419696829
-0.32275282778693976,-0.31070278569563947
0.6839726985879165,0.4845012253097746
-1.5350537046516313,-0.9423005147371601
1.204362357005728,1.1596196961007834
1.348008449054695,1.3914773712342872
-0.002580219742474646,-1.7858530048419854
-0.053608027307941473,-1.7858530048419854
0.6386696340107785,0.4222018420459363
-1.0855156684064942,-0.6735835790339546
-0.06612808282949334,-1.7858530048419854
0.08662558805727809,-0.010136330847104908
0.8126599625469179,0.6670636151562563
0.297728478743581,0.12995608309104117
0.6477295237392142,0.4866105640017821
-0.4800724494801789,-0.3593381972300644
-0.7451381149787925,-0.4858385692143511
-0.034801671448568564,-1.7858530048419854
-0.1262616760946155,-0.18952154801700197
1.3457773721149142,1.4125345942262
0.029125351710866092,-0.04428340764203036
-1.1185637173284808,-0.7194337966816223
0.1508489820888772,0.03920627543014669
-0.06433800217915474,-1.7858530048419854
-1.6530730739723138,-1.0109546894003476
0.4919302871555487,0.3344484921438272
0.48633402948216525,0.3049209737310254
-1.54792963124289,-0.9790636344186219
0.12154579269415876,0.0072322657202033205
0.6738165000469007,0.47761322011579904
0.557391928314993,0.4077365564936657
-0.8675721007359869,-0.5843790046268798
1.2019949513140826,1.1722444140170292
-1.2489231795333473,-0.7735334070901003
0.5745995775779209,0.32260606043513523
1.0898382344847752,1.0064327856660948
-0.9099337187962765,-0.5817887504722853
-1.128812316597852,-0.7171052120357232
-1.458598746048809,-0.8879572189169262
0.914652339666944,0.758815192399645
0.27209785147716187,0.12614928486046514
0.7168832132066157,0.5519867380809396
0.3046518507833461,0.13308016041563372
-0.730985397550279,-0.5154744924781468
-0.1341424267775667,-0.16656796587211314
-0.9598703657557608,-0.6218092050716533
-1.2171444628828854,-0.7593168886572242
-1.0895900273929942,-0.6821091363377997
-0.09037656702845921,-0.10460495406519577
-1.312981931220478,-0.7680703294427252
-0.03434359857142635,-1.7858530048419854
1.1489629327095379,1.1059580363776649
0.17199727606562476,0.04657646475831119
1.1840276220081654,1.1556266259624342
-0.671982841905425,-0.4635118923313128
0.918403490559847,0.791021373368654
-0.2212610636463973,-0.25957487903728493
-1.1816226591706502,-0.7093429868324194
-0.3960505926837839,-0.366333015988815
1.0608679265496033,0.989391238677985
1.5560969075699356,1.7590850692968918
-1.6855718500626569,-1.0441798623762644
0.2480582222859106,0.10021827188603129
-0.07686856673152465,-1.7858530048419854
-1.3945198556119618,-0.8164960429591761
-0.8817133257730663,-0.5764802574418665
0.32469369160588496,0.1703450166273922
1.7226063635150959,2.124804410294603
0.052779784450773505,-0.04387104508359592
1.0185510394684971,0.877816905057145
-0.7489486241682451,-0.4922113207558754
-1.2616220938313278,-0.8067418185863778
-0.3221842264098547,-0.2844139719877571
-1.3876252786688086,-0.8615073035965368
-1.0485544491417083,-0.6381234607066187
-0.6281860811682447,-0.4086023058958494
-0.08581896998321768,-1.7858530048419854
-0.679758143650736,-0.4494856054819705
-0.959717060573657,-0.5988656859004152
1.5030155999549004,1.7134947188617677
-1.6866503116897174,-1.0299432582455477
0.2901768057027609,0.12576921124665752
-0.6801299567013359,-0.49580070085371736
1.4816266651359924,1.632678112103769
-0.9142375024294438,-0.5899937032262818
0.06396684682345945,-0.04088851388436568
-0.15911517979853576,-0.18116882125361497
-1.2573505769849092,-0.7960603069081007
-1.2116904899025773,-0.7703627247025889
-1.3576245665058027,-0.8318120145719132
-1.0598885199541217,-0.6076284466772586
0.6497891650208546,0.4562663405434023
1.4931764657792024,1.6728796987854606
-0.6936650377510355,-0.4444545776781085
1.727057294739826,2.1847982269548174
-0.9528164896326602,-0.641956271635139
-0.026746308522045337,-1.7858530048419854
1.0242763634830834,0.9261396707120254
-0.830506877865548,-0.5587878707008995
-1.5307651586646958,-0.9442642943820491
-0.1943356723589492,-0.2101337410322015
0.09509018214005535,-0.01317853297187673
1.0821087810625036,1.017238546840291
-0.7292919058234113,-0.5105566906695829
1.0104363659110025,0.8753085504679714
0.14305439577739,0.041392856635320815
-0.025851268196875863,-1.7858530048419854
-0.8086549445042506,-0.5716826777352579
-0.4663768424550989,-0.40513332075632263
-1.2053096913292851,-0.78113149803452
-0.4600065638235209,-0.36164277820110874
-1.739427786757868,-1.0617012453527874
-0.4540899844441716,-0.33042039673324913
-0.19233325450065747,-0.22454862374616635
-0.746460582612875,-0.5189650572965645
-0.6673535712704655,-0.4603557176036245
1.4617508574141307,1.5848239130656843
1.6877760841647773,2.0484354789645143
0.5998251634642231,0.3811139128899856
-0.9615025778453072,-0.6081657257067167
0.8410817322904965,0.6957440969442297
1.316734809836504,1.3485822395486746
-1.6217799782457683,-1.003169453021789
-1.5702262234603723,-0.9967456464679574
-0.8101119022000827,-0.524971918643461
0.6294625636935677,0.423869713360046
0.4243551855266788,0.23449247881511848
1.2875139431087457,1.320009730100353
0.9452972275851322,0.8093122402659965
-0.12296997934059119,-0.16084693759945218
1.6848781702984814,2.030921750300494
-0.8578262947041011,-0.5821613851659587
0.6115216611262674,0.422117451598244
-0.11288009928494572,-0.1765265107478304
0.9651471573765154,0.8336907321210923
-0.16110586539651398,-0.20668066994956655
0.1357655734147805,0.033276197752986555
1.604173523689023,1.9070420187484545
-1.074845981296734,-0.643200638511174
-0.16395267747819223,-0.16483659688434021
-0.0008780287721414984,-1.7858530048419854
0.07350003075025045,-0.01441662922216934
-1.0002235700212045,-0.627357257758098
-1.7288040482373506,-1.056396934631065
-1.3768369061305132,-0.842515980356148
-0.8429107381408658,-0.535129887611931
-1.1037953872017503,-0.6864797424504778
-1.7067921173667906,-1.0519883769088219
-0.3587670482975345,-0.2826437937431314
0.6636251920284834,0.45726921089304257
1.7073433800303337,2.0970799014052215
-1.591172985426387,-0.9341002118590632
-0.054492558602292906,-1.7858530048419854
-1.0985800011787292,-0.687017878250031
-0.28284219316227793,-0.2550239938271444
-1.3858528498399691,-0.8503096582094715
-1.0730944168687675,-0.6589049686390912
0.9380899967363225,0.7997242940324897
0.7573428176166804,0.6035972493051079
-0.042857034375092126,-1.7858530048419854
1.2418749545272787,1.2083679736752002
-0.8102585220110256,-0.5610834523950496
1.686854841017408,2.0182190300908553
-1.6587832763041348,-1.0048562310717897
-0.255544327042238,-0.2286979766195692
-1.1588217557205802,-0.711748554642453
1.5110239182574,1.6957901937843245
1.6235102210944024,1.924397594933843
-0.3597070704523746,-0.2834164530844314
1.2286319120519256,1.2159828169695959
-0.9813776165703278,-0.6205006732037375
0.22024007356949737,0.03689983342338686
-0.5141112064906871,-0.39844627064615706
-0.0007901390921360388,-1.7858530048419854
-1.7611806084234936,-1.112401289255752
-0.7033341703832634,-0.48398420776334106
-1.3201715193649388,-0.8049774051051266
0.6870844977972859,0.5365688129352993
0.8449721137594457,0.6768468065015225
-0.19143421501298227,-0.18041493370376346
-0.25488665205094413,-0.24701436708562002
0.2798371865751286,0.12780049113592026
-1.1056586568046691,-0.6852864828630759
-0.4573925043761055,-0.35391717256881705
0.0009130761385522864,-1.7858530048419854
0.32935098203095353,0.16834738367440227
0.7451377445065993,0.5760342631838204
0.8167193651525686,0.6487267581297784
-0.6423624395436855,-0.4273833215241069
0.8057491237837073,0.6315685352682713
-0.8704979377472902,-0.6035305449457435
-0.0741834457560169,-1.7858530048419854
-1.5543430556187605,-0.9900061144876913
-0.2603081249504273,-0.19735014906090942
-1.5516137432817967,-0.9451710796525107
-1.5478938465042509,-0.9878072652115252
-0.06908977783894837,-1.7858530048419854
-0.13730355197917116,-0.1637490294637604
1.2302095344252377,1.187069025061394
-0.1537113484250043,-0.19752676429389557
-1.1589741991952578,-0.7491888636017204
-1.0548023865310978,-0.6824774592295431
0.753945634686257,0.5976848972341512
-1.3680719650260011,-0.8392926278537565
-0.31888334522535233,-0.3078323118879792
0.4719080236294883,0.3111685345622878
0.7176718877742297,0.5080074350177409
0.6004919772894287,0.400971727034625
0.2715543500722945,0.10369813841476744
-1.2922610743363248,-0.7467097196554667
0.9762614426506067,0.8573262296057171
-1.6902679470251836,-1.041578532972747
0.3209127453612506,0.15478797979980866
-0.9232449404749203,-0.6015882256575725
-0.24429367943216065,-0.22797489944880053
-0.051746053568082866,-1.7858530048419854
1.5676907956636703,1.822053921015337
0.054790619568375394,-0.050438991479986275
-0.8959097767294972,-0.5858938495492364
1.3523070515822344,1.437357952525467
-0.014215743969675423,-1.7858530048419854
-0.592784232019299,-0.40959950306720194
-1.2408574321777435,-0.7819636756252748
0.9004913520152893,0.7542757666265585
0.14187780142319528,0.020201296526634466
1.063824634590524,1.0020544435228544
-0.2679987440924322,-0.256113769773543
1.7283828248469686,2.136869427509193
-1.1808632238082475,-0.7635374989983086
-0.40407037124008227,-0.3118299872824662
0.43034716443405774,0.27418657758535003
-0.012425663319336816,-1.7858530048419854
-0.8956132557911908,-0.5614678781561966
-0.9586971564198185,-0.5845745151096298
-0.18301531311009078,-0.18755635835559534
0.43318034620663537,0.2703002770665487
-1.1654213184235787,-0.7276796978839569
-0.01958598592069091,-1.7858530048419854
1.0888195414126272,0.9837523242307765
-0.7188719712363849,-0.49764494460013536
0.1241254241896147,0.025869393535009597
1.204082583178458,1.1737659740663065
-0.9708910309468184,-0.6581561315228275
-0.545667108488844,-0.39485491184913535
0.6341044717125047,0.43923489552971484
0.5642454879680733,0.41727432139683024
-0.4755895231576985,-0.3535191994235145
-0.4374850436502754,-0.31470288363202614
-0.5304701465669551,-0.3746584849663028
0.06584951479180762,-0.039157304254608026
1.4297272639021557,1.5841087097485689
-1.057668102336501,-0.6677367908603171
-0.008845502018659602,-1.7858530048419854
-1.179015385928874,-0.7372543972845339
-1.1496554545262723,-0.7462366253807917
-1.0744120437293176,-0.6660256406874294
0.7755485584144628,0.5918542328961648
0.21117562086818786,0.05527834469732335
-0.28756169701024165,-0.2588002967217408
-1.433770115415649,-0.8480079864793604
1.277812317694959,1.25805945094939
0.5746266880392046,0.4071699453261983
-0.8248968949625397,-0.5563357893791059
1.8013304746782133,2.3305056687585433
-0.3207972059093258,-0.3042369333356095
-1.089089351668784,-0.6938416186001609
-0.40442482774359717,-0.29177843567269435
-0.033011590798230295,-1.7858530048419854
-1.73952246179981,-1.077758904418374
-0.07387592615151956,-1.7858530048419854
1.533174695567878,1.7342923418871623
-0.6766402262517762,-0.4275891560842045
1.1816083223861356,1.1519794619236783
-0.306600884528486,-0.24439213195151613
0.9949613808887577,0.891493081769423
-0.8748525382247789,-0.5703591007142299
-0.4303934909139579,-0.3502564788672628
-0.009668506214724279,-1.7858530048419854
-1.3066520654797895,-0.7832762273415119
-0.5714956949538038,-0.4095202117790711
0.4963936674703172,0.3012396969174902
1.4922685120388028,1.6758164931897115
0.11228720373128466,0.006934720569236204
0.00010490123303309674,-1.7858530048419854
1.189781589452717,1.1372732956298497
1.6819473384341537,2.0279056450818302
1.4058539100673708,1.5193006520396335
-0.9467376588871775,-0.5804075242020207
-0.0833522643863804,-1.7858530048419854
1.5648234949426254,1.8109831216592298
0.13122463901515105,0.009276895620646562
0.000999941558202568,-1.7858530048419854
1.5013006092209455,1.698542791684256
1.3459341151740267,1.4276992920602574
-0.7246209050248175,-0.5154239215109093
-0.48793066678921027,-0.3351250400304977
-0.06621932945155992,-1.7858530048419854
-1.330368752872561,-0.8135551514476357
0.6846643134752538,0.5156055730037846
-0.30345963319611013,-0.2510286974871076
1.3902639709821891,1.5034116259430772
0.053947032461700725,0.005120963838820531
-1.4727263066070724,-0.9158465872305585
1.1418924635484056,1.07031769937792
0.09375296883412082,0.009927760002644876
-0.02227110689619865,-1.7858530048419854
-0.09386479952431145,-0.12177547928924712
-0.870161443158634,-0.5584912786199077
0.7068784318244455,0.5418899823543261
0.8488613960567141,0.6891261364165701
1.4062461017015015,1.5043394661153808
-1.5203537386882389,-0.9416814791683358
1.5153012909110006,1.7121868055032101
-1.724852419299816,-1.0674303502766826
0.9341763420250682,0.7974381968417045
1.0647155582028485,0.9597887082928094
1.169748992177244,1.1331440816112979
-1.2997987841234582,-0.7840646656913376
-0.9909074350690639,-0.6484978802146588
-1.05362154582492,-0.6649495705174673
-1.4835309659859228,-0.9513618213782958
-1.6955445052256575,-1.0856126072697758
0.42750057086330334,0.23604659229018413
-0.016005824620013695,-1.7858530048419854
1.2198904265098196,1.1670678667642407
0.5806754119153678,0.4059529172062768
1.1098088029298843,1.0197950369567044
1.0235313738556502,0.9173348269716171
-0.26747152302202504,-0.24814317673988673
-0.4172711196199907,-0.3407204419209876
1.5037049726953322,1.6919195523586488
1.3278702045852036,1.3867233008445636
0.6174075299245778,0.4279295891441031
-0.3317123866343956,-0.2934855450985663
0.7284853297115466,0.5836082392592135
0.28668923990666323,0.10918280406092946
-0.28323561990358226,-0.24623976155090435
1.6467092303549298,1.9623080366331183
-0.06254792152881647,-1.7858530048419854
-0.04106695372475352,-1.7858530048419854
1.4671481407955402,1.6153318131506709
1.3113886546874975,1.3252543933531973
1.3762358322128037,1.4624163111694206
-1.3729757829352265,-0.87083496441003
1.740082493155368,2.1571855744597968
0.15288231981475556,-0.00953401496143565
1.2908494038084486,1.3253057078940125
-0.24171536623421738,-0.23493870469740458
-1.3667319728426124,-0.8368545175020545
-1.2172154866768687,-0.7595606176090869
1.2333917544026642,1.243438496491363
0.8420458331567171,0.6841757359688181
-0.9681704540883194,-0.6178586308776671
1.0557764381715362,0.9766770850939318
-1.7444367336131026,-1.0685770239253178
0.8363956878458838,0.6587467107465346
-1.1055837301945852,-0.6804356650329966
1.0984792258074538,1.0256704119895572
0.9987260454456055,0.8651968866160925
-0.278521471666058,-0.23579405405104756
-0.09753002299723894,-0.1387104047887686
1.5865326034167153,1.84800349391628
1.0619164486689214,0.9790761689723498
1.5420178126179642,1.746765658406688
0.3703410749107565,0.19343268923673612
-0.3001367996688905,-0.28906433379550855
1.5418887515011688,1.77503409126851
0.995005389635243,0.8497001784662555
-0.25112585397959664,-0.22805889492157896
0.11564410085754857,-0.00593630255622975
-0.07865864738186326,-1.7858530048419854
0.371586605350898,0.2166476301525125
-1.2254647711016484,-0.748034921975621
-0.5384942328760748,-0.39196205942850315
0.502128536142274,0.295516166175636
-0.6121510186577216,-0.414051438905271
1.530744131614797,1.7165158275734154
0.6609971333110494,0.47822620863408494
-0.3995078846430303,-0.3199005608988022
-0.5866243696773424,-0.4306050708646252
-0.04733223600093848,-1.7858530048419854
-0.7141200062179468,-0.4790820219900423
1.5525380776524271,1.7883576373563694
0.6700345417495868,0.5134393893876995
0.3111273157016282,0.14031418317893143
0.6952077767707424,0.47350904998063753
0.3832593259708413,0.23219349634175102
-1.3791898474976212,-0.8452169727203109
0.005168128634284279,-0.08825520495771004
0.49834515582395716,0.35110163238516945
-0.29430911099574536,-0.29125479505035595
1.3768559359495607,1.4558724437923714
-1.3962791566860584,-0.8956683289678812
0.6409587837374844,0.47404091210480204
-1.672258399099698,-1.050384824665976
-0.35129368637896535,-0.3066838997853044
-0.5215526516121017,-0.4087977781180788
1.3099654366593192,1.310826893167155
-1.154243116125877,-0.7006461718473833
0.5850563871528358,0.39307200037073986
-0.441539312428549,-0.30780845375043175
0.7564708463474822,0.5950711722657328
-1.3231689223564231,-0.8032280695541343
-0.5295367494723264,-0.3549441074299883
-1.2288676966144527,-0.7354569915653362
0.8558235544264882,0.7057277801006846
-0.7981515465739455,-0.5249860764649276
1.549583144077033,1.807726206257876
1.806597607680791,2.3199553055222952
1.401058761351555,1.487057613257024
1.6221974669463823,1.9515277646421214
-0.006869351802000058,-1.7858530048419854
0.9202452313573385,0.7427640639291226
-1.6106369629686057,-1.002923039085186
0.7443267264936508,0.5660733093183978
1.5457213071904818,1.7629539792401787
0.8762882769785436,0.7229118668993754
-0.22903630773084604,-0.23639727515252174
-1.5168860778977953,-0.9149100118588781
-0.2350204941629775,-0.23968665280676885
1.2729423360505012,1.2859547998824603
1.0192269423496407,0.9301036664776612
-0.07955368770703274,-1.7858530048419854
-0.007950461693490467,-1.7858530048419854
-0.0723933651056783,-1.7858530048419854
0.8620404177003108,0.6869012698024539
-0.2022318529781344,-0.18613862827898625
1.572950920278525,1.8188206967909766
-0.2280193044806743,-0.21814939497311223
-0.5841459322794147,-0.4191029306387893
-1.2646484565195364,-0.7799448365683179
-1.6124527863800964,-0.9895075597343934
-1.436599387986476,-0.8913128652372619
1.5415214316604176,1.7671997150183691
0.7676830951040722,0.5892336836202177
-1.502506470973362,-0.9082564637600987
-0.9458813397221123,-0.6362954134511319
0.1509054181499703,0.007789992014480031
0.5317938010836337,0.36448624005031444
-0.40680740396784015,-0.3194034497704836
1.3843867323900934,1.5197382821861192
0.20584748438854225,0.04656045637941144
0.32589166822112614,0.1704903666704768
-0.005832796369894049,-1.7858530048419854
0.3521784242197743,0.18563854953113648
-1.695532201719467,-1.0698609245112196
0.13790036874223524,0.05061191371722223
-1.4232283579845952,-0.875568405494044
1.5231756131335483,1.7120963144293746
-1.016073947616987,-0.602587391492662
1.4848515473277433,1.6239898432373372
1.2518840890965748,1.247314411841464
-0.01147782145438386,-1.7858530048419854
-0.030326469822722215,-1.7858530048419854
1.770624748470849,2.2303971617546874
-0.8589531527772006,-0.5364153058260042
1.7364377657838492,2.189467792647263
0.45556685164347277,0.24444851130002518
1.3878812452521594,1.4867001402584459
1.743483523841946,2.178841706624273
-0.00616038104315186,-1.7858530048419854
0.9263018480552937,0.7490304621629983
1.5791760354001017,1.8175470561731537
-0.9704731532974412,-0.5928041239732773
0.370119561146496,0.1955707439294012
-0.7725411484248368,-0.46852499550892185
1.007810877559405,0.8718631862519641
-0.45536301135634943,-0.3743565672078153
1.2280257709560884,1.2022718906842569
0.6650287049400369,0.48763904571168715
-1.488867704508714,-0.9332456272228177
-0.41948687052818423,-0.33115923901970845
-0.22136207909243083,-0.23556863962454153
0.7175102590229308,0.5383112184384707
1.0759242843574743,0.9849151381265661
1.7969004377217066,2.3181530744044023
0.954136919860184,0.8363620841672502
1.7415785440272231,2.2050190210634457
1.2908034096604533,1.3325514096852724
0.2057846584615823,0.053870669903174996
-0.2179651710631926,-0.2411634738213834
0.5188264414794505,0.34572541534170537
-0.8850127672576595,-0.5894941588324042
-0.9520285252009588,-0.6263561715209522
-1.2108003146897368,-0.7566355468446959
0.9090411560411101,0.7994047345699481
0.36157169765886665,0.17311515645605685
-1.0538055259747698,-0.6492320228072102
-0.40710611076211617,-0.2834394794638004
-0.2107504988343275,-0.20942374112308762
1.2712802721516405,1.2937320346420866
-0.6042652982215165,-0.4371079042217458
-1.2552414038482897,-0.7600285779131134
0.4849048466811551,0.2973022643185585
-0.024061187546537258,-1.7858530048419854
0.7047132945251374,0.5102005585418868
-0.10931981202223827,-0.1289428683151692
-1.0414861650083314,-0.6646912599800382
-0.7190837131817291,-0.4986245965150274
-1.6750659218333654,-1.033066360804492
0.31129583678296213,0.14127278839843727
0.15153733745448802,0.037902810095841726
-1.6413520978942622,-1.028615069557692
-1.6910982914229609,-1.0436768097149696
0.0924287645150575,0.004253368003734513
-0.2322401854142446,-0.22072470403053016
-0.4969466468324676,-0.3694490845677353
-1.3556119117711856,-0.8125039688041631
-1.657819284016514,-1.0241875793413948
0.6187498637413061,0.4734178796590368
1.5832910510430491,1.8247582636591102
-1.628858183369087,-1.0308791388782723
0.6720751326315311,0.47658787936321834
1.6371922226670512,1.963676971672169
-0.7777624544025572,-0.5408774345617073
1.1225457666856733,1.0320138398611087
-1.6840369936200144,-1.0718500113975185
-0.17689221707158398,-0.2044423442443346
0.6872117956015538,0.5155450253837831
-1.2560440360294252,-0.7623524095237438
0.3744868548130677,0.192965523246057
0.40097699659481323,0.23649814785945997
0.7568231213633848,0.5834366913671835
-1.2295613645982935,-0.7486029554645592
1.2648789262805673,1.287299251801765
-1.599779697664389,-0.9850107392332974
0.53029618654212,0.4019092947132047
1.7040848193103864,2.0531209680425238
-0.8609652964611216,-0.529368528611317
0.8140037647759562,0.6550733378278556
1.4247563127474407,1.562477947200152
-1.660866942067849,-1.0139515924760085
-0.8833036211112365,-0.5863739776692031
-0.5969743876764703,-0.4155150404616169
1.1802421104751042,1.158618574986302
1.0136108927330627,0.8604511987225526
-0.6055854675598665,-0.4303839512997642
1.4041887313135932,1.495165900508636
-0.15458694586303848,-0.19499578507001025
1.6966574708185258,2.0518892674698224
-0.3825777840669818,-0.29543942095879266
1.0270466322521348,0.9333081958251664
-0.04753596782784307,-1.7858530048419854
0.31561462895550735,0.1614311029807317
-1.5973661198776827,-1.000483394744628
0.8784986862478555,0.7035341370326942
0.823697492646212,0.672736730113354
0.8812283684232163,0.7003881417259334
1.7384575652804861,2.168228211179726
-0.5621062429853553,-0.394153157214507
-1.793269165110381,-1.1402345681808577
1.7550989895455873,2.1889884918025317
1.6968233155310717,2.1048175042500556
1.7272358399558598,2.158328531085131
-0.6210912649492205,-0.423613572365291
-0.3518686075432228,-0.30100963140201653
-0.859311778344551,-0.6169258076422256
1.3418983886808582,1.4230580725000144
-1.4957033301765659,-0.9558864600975574
0.31283796894848115,0.18225474198606081
0.35972211544171434,0.22812300424572893
0.6196205201055185,0.43216522032142546
-0.655384275906471,-0.4817636281970201
-0.05628263925263151,-1.7858530048419854
-1.1766528996722736,-0.6905981927027194
0.05659368759242848,-0.06217022890314899
-0.0676068182973379,-1.7858530048419854
1.6729634913651903,2.0261499698175
0.7641217148071128,0.5979895075300281
-0.03927687307441525,-1.7858530048419854
-0.27728573619205654,-0.2591036683755577
0.3517760094321469,0.17306232219884096
-0.7180806237308983,-0.49534649836092826
0.7323354181819319,0.5193222925426211
-0.9179196504020898,-0.6026696494323016
-0.764464841239943,-0.5546826254514565
0.07856388618316772,-0.039389192640153996
0.9277400492330543,0.8115527643751348
-0.40576596996524744,-0.3172734914162221
-1.0182736997170154,-0.6443553109885307
-1.3850006537324304,-0.8764501484600821
-1.5107105732996955,-0.8969879491941731
-1.6186947926100546,-1.0365827645336148
1.50043583798848,1.6857677212065842
0.3911691368062643,0.23819912449948574
-0.06254920759744922,-1.7858530048419854
0.7713920282772719,0.5912332764247943
0.43630777925780456,0.2368249185879853
-1.1206937869730769,-0.7151153797777255
-0.5439495554754441,-0.38552279101075787
-1.4369059941114188,-0.8729787601935611
0.8090215141857592,0.6478143584234833
0.33342058561530735,0.1661436091858038
-1.5548933937747995,-0.9717982329791401
0.9182287221992299,0.7753442277205532
0.3236365601449387,0.1600027748757478
0.5444269230368177,0.36959133628486546
-1.0202742542934142,-0.6111644758131046
-0.5790784595562539,-0.42595977595000556
1.1525880336810617,1.1204809510027474
0.7308764174700493,0.53846507059286
1.151608954373228,1.1468388640526959
-0.04196199404992299,-1.7858530048419854
-0.12293870963478402,-0.15778439634452363
1.091595276122859,0.9932193419844244
0.23379060890734413,0.07326650304120037
-0.031221510147891686,-1.7858530048419854
1.0940773806132928,1.0300177048076822
1.7146617389381562,2.114186859039803
-1.1541805938558747,-0.7275318337837358
0.4035998641515005,0.25410107519035446
-1.0146124583518734,-0.628731263611434
-1.2077735980819833,-0.766380455364017
0.05300572451329666,-0.05464816409846341
0.8072517656224293,0.638189429897153
0.24988279854569054,0.14367572089739472
0.27532899861544347,0.0907210485007866
-1.2209590737745688,-0.7635488705482392
-0.5671424637523674,-0.4501505815226954
1.639549506024482,1.952766447353926
-0.06075784087847786,-1.7858530048419854
-0.2537117696093987,-0.25151241649424777
-0.31468876362763276,-0.25828256873683547
-1.027946960939021,-0.6285260786645593
0.25895923862332837,0.14783326552556716
-0.8309533700856179,-0.5211522985773633
-0.30442024777290155,-0.2655344927970594
1.1402114966798678,1.0860769761284759
-0.14605189467959082,-0.14746475663807534
-1.1487865318125452,-0.7348117222648337
0.002086608910086883,-0.054355514164268884
-1.7339600634847792,-1.0476839199716765
-0.03569671177373804,-1.7858530048419854
1.1712082950727682,1.1451847677843519
-1.0044239313720202,-0.6238761881061186
-0.4478131651085806,-0.3798262052124492
-1.0107944838601495,-0.6579476458645439
-0.0634429618539856,-1.7858530048419854
-0.05359751827712343,-1.7858530048419854
0.7173044276638609,0.5412125553069318
0.01369874651870358,-0.09393106190299264
-0.3019427366055712,-0.2592967033439639
1.6824489778560137,2.0854449793089826
1.2146378000187492,1.1813393487596708
-1.185112290352064,-0.7506538090775796
0.45475736903049807,0.27661246912305504
-1.2941763662061678,-0.8219609476768583
0.4566143507235151,0.281486070596004
0.9319501647671542,0.7743072517672938
1.3581815199701788,1.453254086824893
-0.7713249213258875,-0.4953728690818562
0.39094144399426817,0.20733299466806174
-0.9817956289965666,-0.601452410272007
-0.8612330491945814,-0.540412243586376
0.6027656601306478,0.41009548136127
1.0180343490574408,0.8829616116086773
0.0040918266079032475,-0.07696767875042082
0.9960117581902721,0.8630002945136573
1.0449273889115787,0.9339332441923892
-1.075286226478079,-0.7099999734318938
0.41488128015006975,0.22063352809200149
-1.534870121845268,-0.902930660541808
-1.4012448105238182,-0.8450891479019232
-0.8010176516036044,-0.5154137014424277
1.07383608992639,0.9772638930274389
1.6627579006187039,2.036750493196068
-0.6209241058439463,-0.46645940731622293
-1.1250027360809356,-0.7158445245140546
-0.7835283817491775,-0.5061799240826306
-1.5595310084766794,-0.9767847428299977
1.5109067373032192,1.7396756011636343
1.1614636283080417,1.129522571109307
1.0440460150601731,0.9393401815109325
0.6261867332673008,0.4051449514789598
-0.0437520747002616,-1.7858530048419854
1.4403949187573772,1.5767092848774535
-0.12530756537857538,-0.18946618636617624
-0.28650654300462325,-0.2840769227130514
0.879262417247477,0.7264078862664479
0.392956432100489,0.2149647829373516
-0.10150566993598778,-0.15738981475719982
-0.8740639695692507,-0.5421785395790617
1.5333960324024576,1.7588774842080053
0.8321677426460137,0.6911081641484583
0.5209912251567917,0.3329672087114491
-1.3421170347225277,-0.8594842124578949
-0.41574795812322624,-0.31856691828006845
0.6510993562192705,0.4331383492164656
1.0523256679998827,0.9292435843446335
0.3584644797045574,0.1709483474114581
1.495771064897878,1.6645963756584148
0.9002685634034024,0.7979187303847195
-0.004370300392813253,-1.7858530048419854
-1.4788229406628401,-0.9339023108318172
-1.2983892812930313,-0.7853291765729907
0.9287103356605128,0.7697064499050221
-1.484353708497882,-0.8901571270533849
1.61534755154812,1.9112343016723845
-0.9670463746676728,-0.6377871036266453
1.6761888793215904,2.0307960945733954
-1.1799704013608008,-0.7548875997574922
0.6007880015990911,0.423635768641786
-1.4273488938454097,-0.8469863819012793
-0.484208186052111,-0.35917083231439323
1.253095464470455,1.2219381656719983
1.231664242747481,1.1763055033920677
0.6579915698728926,0.4762447287055946
-0.9922206412616034,-0.6103923086806436
-0.6667409658284974,-0.47638860988110565
0.27900740000089563,0.1316937099885452
-0.029431429497553077,-1.7858530048419854
0.5559802744938839,0.36162403296039053
-0.06224257277549676,-1.7858530048419854
1.2984282832127394,1.283181346270278
0.24096480235480686,0.09948216959910405
0.2790673631352466,0.13391569204698825
0.7724791310274344,0.5840136523849353
1.0392921479223576,0.9447071077405593
-0.25533973667196774,-0.23536015926329093
1.4938573610323829,1.6754321930031164
1.1638833521512693,1.1625294504988748
-0.863963835414069,-0.5648532192857288
0.16056110103727522,0.013358103026657547
0.032552303055320635,-0.034282005543801675
-0.6726121733099347,-0.4865976877546704
-0.023166147221368123,-1.7858530048419854
-0.17914577181124258,-0.21047524339335774
0.6956781354985101,0.49359076273800606
0.31432563612972725,0.1490998229224496
0.4356290517102221,0.2212592882499587
1.3241800332305353,1.3623971877917929
0.5154938696769183,0.3475880216463334
0.4866831031056974,0.3196856113948783
-0.6680205064846261,-0.46073675564566796
1.0475522981813856,0.9301220406637943
-0.033972135800013785,-1.7858530048419854
0.14585855400505077,0.03442576114827339
0.4530739285080496,0.2808180696322407
1.6415765542136929,1.962411243267221
-0.2542994816995801,-0.26155691716675156
-0.7628545169306233,-0.5300141337931422
0.24170844904337027,0.10152873060244753
-1.3773237356725552,-0.8689680316344437
-1.3009237227191306,-0.8354696706395227
-0.048227276326107946,-1.7858530048419854
-1.31859306012391,-0.8397248253974813
-0.5130624604553036,-0.3984336816189561
0.2944409013880251,0.15994518319839787
-0.5528937053530643,-0.3934681709562304
-1.5463452008719323,-0.9216318167791585
-0.45771755829753913,-0.34002132311028205
-1.5982866912306053,-0.9802313153190931
0.9441216971906482,0.8245299329242167
-1.354984113365763,-0.8433891232162914
-1.3602726178276985,-0.8298903129875498
1.6432625446478961,1.9490398613410544
0.3320687562090319,0.12963553190072094
-0.791621950212458,-0.5520747027254477
0.1397631935437336,-0.021844192645355327
-0.6700384276288206,-0.4569187566829599
-0.9779141592961941,-0.6454821425612834
1.5922009313679844,1.8287387696788764
-1.1117285849930767,-0.7057618229685594
-0.8533582095901238,-0.5531778993506622
-0.8515530489414831,-0.5490613948202355
1.3662750699444883,1.4576916217184221
0.8919863973445825,0.7513587907428909
-1.4318137900171848,-0.9115240774878197
0.46843775812644906,0.2901161607596649
-1.1334339689696487,-0.701026191355337
-0.0527024779519543,-1.7858530048419854
1.6473261570676783,1.9650528891026238
-0.5978613211596645,-0.4690268137314917
-1.2629605711183167,-0.7855561240167367
-1.7813516191438443,-1.100794653460375
0.025821121390032405,-0.06209659155662846
1.59911212608038,1.8773418057649667
-0.06881320380500143,-1.7858530048419854
1.7457687679419915,2.1790118946793706
-1.2590757640051076,-0.7939545826557933
-0.40849551415148355,-0.3432790763245293
1.5983640844134315,1.8807121599426606
0.07462665163468313,-0.0258066044111252
-1.3331288091283424,-0.822875583453698
1.479792111530299,1.6411251797561783
-0.37098985378746,-0.30460344741293355
-0.42223782020740286,-0.31398102943855377
0.9163915637227298,0.8002625894868981
0.8025547842340393,0.6246424263403894
-0.778046478423278,-0.5361651648376915
0.2597710634477742,0.08645124045214761
-1.7195865715780476,-1.082956053424465
-1.3647485903804824,-0.8209959371481901
0.1892270762115909,0.04254037320197615
-0.7376580299200787,-0.5094684522031478
-1.1357204140544814,-0.7338774277858826
-1.5422361469067145,-0.9538980620719749
-0.40523953528187007,-0.3149240595933764
-1.6464068432531276,-1.0417251546139978
0.7069024604368854,0.49257289937704973
1.6660976545574513,2.0432292114655723
0.6635021066533829,0.49254365427643976
0.8079256817155612,0.6402250668726182
-0.5929622584949142,-0.39894250115239255
-1.472603969476696,-0.9015142657087958
0.7714186550435967,0.603740173583685
0.14761488910066103,0.027494042951595445
0.46707942882348,0.2783996163790805
1.1891155018287523,1.163240860627447
-0.17687780741610476,-0.17861178497413188
0.5731669050923207,0.4035346225778642
0.6564945327848173,0.451664122875471
0.22135477317065758,0.07588558505970247
-0.0663274812078091,-1.7858530048419854
1.2383233082400866,1.2285256148495958
1.097355358717458,1.03440692810428
-1.756563484960049,-1.0955538194684795
0.9450962707528642,0.7989680953180057
0.566087128100684,0.35810617024548547
-1.332437898329339,-0.7965998277956601
-1.263593384251143,-0.7661208083694491
1.6212291722495238,1.9171149100099663
1.5736506670165822,1.833785343699883
0.5671616633923854,0.3734971549790801
-0.9250471255489788,-0.5933321766494364
1.0987269501353738,1.0027350060323381
-1.3278671419111765,-0.799914882575513
-1.3365267221078785,-0.7914881728477281
1.307987404219629,1.3485727291392118
1.6928522348645518,2.0698615322890777
-1.2586103087150775,-0.7940881478043229
-1.2030149518084539,-0.7265055515028145
-0.49005897524382513,-0.36521169533619896
0.641565271616129,0.4485287381647564
-1.7619712527228457,-1.095738151726519
-0.9590817585621927,-0.6004703155270155
-0.044567449600887335,-1.7858530048419854
1.0243059937499939,0.923602853118667
-0.889651527587856,-0.5582821180941735
-1.3022815608142517,-0.7979300415512712
0.9734388384854671,0.8894714017038389
1.2333973977157384,1.2247853645097453
-1.0405494426264035,-0.6517756603060587
-1.159923667942537,-0.7458382325206392
0.5827297895382806,0.44230029726430886
0.5390154520112688,0.3458867057198369
1.4281866619401382,1.556886904931733
-0.9968505991536153,-0.6124176767070234
1.0052998696421465,0.9003062516016468
0.5686393233985388,0.3933782554583689
-1.3479944538820172,-0.8374894681360944
-0.6189226989650715,-0.44562520207229
-0.6231117124581975,-0.4179567927149263
-1.170444426525289,-0.731062630255963
-0.47875470089531896,-0.3602949027046789
-0.6598837732251822,-0.44849344620792436
-1.6049771383556088,-0.9935607624980767
0.05676610586422344,-0.03998014836840279
-0.09124272012349831,-0.11615113780484035
-0.06523304250432421,-1.7858530048419854
-0.45393567790716105,-0.3287508254285364
-0.6233414879720981,-0.46997259920764384
0.24577095950180894,0.09093864286754118
-0.8746526026303137,-0.5431160410519976
0.8079011704587573,0.6171043792384723
-1.6490810950658634,-1.0243552978455341
-0.5435113595005021,-0.4453305263422738
0.05289203189342315,-0.04287333711097378
-0.7986705246311363,-0.5281003498902385
-0.9383916564163909,-0.6015248066186856
-0.6581412972576073,-0.47895336441315023
0.3559930469708618,0.19803178669163018
-1.419381896391292,-0.8636845296000655
0.7709777988682597,0.6300770705542194
-0.13444883378143388,-0.16610945852285905
-0.8598372385566452,-0.5397871913165501
-1.6129387282189236,-0.9778174282198959
-0.566388351708341,-0.4163700128085584
-1.241985452758527,-0.7705976422480332
-0.0005764958289106825,-1.7858530048419854
0.028089156205303188,-0.07690289935307501
-0.850448119475211,-0.5396737915833747
-0.3888624684800031,-0.30702185646471875
1.172421708718332,1.1402958893708306
1.474066914682486,1.6393934034017759
-0.28316752709164245,-0.23545802716491754
-0.8506930069351593,-0.5320157685854442
1.735403717585754,2.1586830329520743
1.121830658692661,1.0830907586712515
0.8083874252998537,0.6370786388630915
1.2099794075468397,1.1712730450091222
-0.09536431296235422,-0.18170095655338497
0.7587372702144369,0.6031455427160023
0.5272681053036564,0.32893395639380946
-1.4250182395137272,-0.86134798881628
-0.17551458845843293,-0.18123613754155948
1.6359003759144197,1.9589737654252333
-0.4684403941585857,-0.36876044953769305
-0.5165581467279475,-0.4024766038423035
1.0189803735825558,0.8994194114538789
1.386634656299479,1.522322422240441
-0.6445577672526891,-0.43858357866768843
0.8843625785728905,0.7655446534053543
-1.0534460053211638,-0.6466062271009441
-1.4253831900997258,-0.8910482525669503
1.3357951906190482,1.3782755183323379
-0.21629905300203395,-0.2207308268956327
-1.1746591570269984,-0.7104677609651945
-0.5954090939016833,-0.3970321295144059
0.23531927558668933,0.09713129260180707
1.41289971504231,1.548290139818264
-1.1221750740435417,-0.6899517970658351
-0.03211655047306082,-1.7858530048419854
-0.36351491433268607,-0.30636677247285554
-1.0794368493184032,-0.6799153489971248
-1.3040072448636948,-0.814006999814692
0.003357519774223373,-0.09975095254485927
-1.6145283719340149,-0.991260394563738
1.4393234435954083,1.5984583604904017
0.7118328540230467,0.5369341063243311
0.27959409792731693,0.16845907134714883
-0.2468417206584899,-0.2683656455643844
-1.4334252815794637,-0.9047092727902112
